ticker,name,market,avg_turnover20,atr_pct,buy_signal_days,short_signal_days,data_points,last_scanned,last_bar
1375.T,ユキグニファクトリー,プライム（内国株式）,0,0.0,0,0,242,2026-09-30,2026-09-29
6919.T,ケル,スタンダード（内国株式）,0,0.0,0,0,242,2026-09-30,2026-09-29
9974.T,ベルク,プライム（内国株式）,0,0.0,0,0,242,2026-09-30,2026-09-29
4548.T,生化学工業,プライム（内国株式）,0,0.0,0,0,242,2026-09-30,2026-09-29
4401.T,ＡＤＥＫＡ,プライム（内国株式）,0,0.0,0,0,242,2026-09-30,2026-09-29
4060.T,ｒａｋｕｍｏ,グロース（内国株式）,0,0.0,0,0,242,2026-09-30,2026-09-29
8566.T,リコーリース,プライム（内国株式）,0,0.0,0,0,242,2026-09-30,2026-09-29
3103.T,ユニチカ,スタンダード（内国株式）,0,0.0,0,0,242,2026-09-30,2026-09-29
1930.T,北陸電気工事,プライム（内国株式）,0,0.0,0,0,242,2026-09-30,2026-09-29
4631.T,ＤＩＣ,プライム（内国株式）,0,0.0,0,0,242,2026-09-30,2026-09-29
9955.T,ヨンキュウ,スタンダード（内国株式）,0,0.0,0,0,242,2026-09-30,2026-09-29
9612.T,ラックランド,プライム（内国株式）,0,0.0,0,0,242,2026-09-30,2026-09-29
7239.T,タチエス,プライム（内国株式）,0,0.0,0,0,242,2026-09-30,2026-09-29
8338.T,筑波銀行,プライム（内国株式）,1368654145,4.065,3,0,242,2026-09-30,2026-09-29
3580.T,小松マテーレ,プライム（内国株式）,0,0.0,0,0,242,2026-09-30,2026-09-29
6408.T,小倉クラッチ,スタンダード（内国株式）,0,0.0,0,0,242,2026-09-30,2026-09-29
332A.T,ミーク,グロース（内国株式）,0,0.0,0,0,242,2026-09-30,2026-09-29
1929.T,日特建設,プライム（内国株式）,0,0.0,0,0,242,2026-09-30,2026-09-29
3577.T,東海染工,スタンダード（内国株式）,0,0.0,0,0,242,2026-09-30,2026-09-29
8593.T,三菱ＨＣキャピタル,プライム（内国株式）,0,0.0,0,0,242,2026-09-30,2026-09-29
6165.T,パンチ工業,スタンダード（内国株式）,0,0.0,0,0,242,2026-09-30,2026-09-29
6699.T,ダイヤモンドエレクトリックホールディングス,スタンダード（内国株式）,0,0.0,0,0,242,2026-09-30,2026-09-29
3993.T,ＰＫＳＨＡ　Ｔｅｃｈｎｏｌｏｇｙ,プライム（内国株式）,0,0.0,0,0,242,2026-09-30,2026-09-29
9812.T,テーオーホールディングス,スタンダード（内国株式）,0,0.0,0,0,242,2026-09-30,2026-09-29
8218.T,コメリ,プライム（内国株式）,0,0.0,0,0,242,2026-09-30,2026-09-29
5101.T,横浜ゴム,プライム（内国株式）,0,0.0,0,0,242,2026-09-30,2026-09-29
9369.T,キユーソー流通システム,スタンダード（内国株式）,0,0.0,0,0,242,2026-09-30,2026-09-29
3799.T,キーウェアソリューションズ,スタンダード（内国株式）,0,0.0,0,0,242,2026-09-30,2026-09-29
7859.T,アルメディオ,スタンダード（内国株式）,0,0.0,0,0,242,2026-09-30,2026-09-29
5602.T,栗本鐵工所,プライム（内国株式）,505919049,2.339,1,0,242,2026-09-30,2026-09-29
6257.T,藤商事,スタンダード（内国株式）,0,0.0,0,0,242,2026-09-30,2026-09-29
9902.T,日伝,プライム（内国株式）,0,0.0,0,0,242,2026-09-30,2026-09-29
5563.T,新日本電工,プライム（内国株式）,0,0.0,0,0,242,2026-09-30,2026-09-29
8881.T,日神グループホールディングス,プライム（内国株式）,0,0.0,0,0,242,2026-09-30,2026-09-29
7014.T,名村造船所,スタンダード（内国株式）,0,0.0,0,0,242,2026-09-30,2026-09-29
9025.T,鴻池運輸,プライム（内国株式）,0,0.0,0,0,242,2026-09-30,2026-09-29
6125.T,岡本工作機械製作所,スタンダード（内国株式）,0,0.0,0,0,242,2026-09-30,2026-09-29
4287.T,ジャストプランニング,スタンダード（内国株式）,0,0.0,0,0,242,2026-09-30,2026-09-29
6069.T,トレンダーズ,グロース（内国株式）,0,0.0,0,0,242,2026-09-30,2026-09-29
9906.T,藤井産業,スタンダード（内国株式）,0,0.0,0,0,242,2026-09-30,2026-09-29
2587.T,サントリービバレッジ＆フード,プライム（内国株式）,0,0.0,0,0,242,2026-09-30,2026-09-29
2489.T,アドウェイズ,スタンダード（内国株式）,0,0.0,0,0,242,2026-09-30,2026-09-29
6548.T,旅工房,グロース（内国株式）,0,0.0,0,0,242,2026-09-30,2026-09-29
1911.T,住友林業,プライム（内国株式）,5865184982,2.052,0,0,242,2026-09-30,2026-09-29
3671.T,ソフトマックス,スタンダード（内国株式）,0,0.0,0,0,242,2026-09-30,2026-09-29
4777.T,ガーラ,スタンダード（内国株式）,0,0.0,0,0,242,2026-09-30,2026-09-29
3856.T,Ａｂａｌａｎｃｅ,スタンダード（内国株式）,0,0.0,0,0,0,2026-09-30,
2160.T,ジーエヌアイグループ,グロース（内国株式）,0,0.0,0,0,242,2026-09-30,2026-09-29
168A.T,イタミアート,グロース（内国株式）,0,0.0,0,0,242,2026-09-30,2026-09-29
4082.T,第一稀元素化学工業,プライム（内国株式）,0,0.0,0,0,242,2026-09-30,2026-09-29
9466.T,アイドママーケティングコミュニケーション,スタンダード（内国株式）,0,0.0,0,0,242,2026-09-30,2026-09-29
5471.T,大同特殊鋼,プライム（内国株式）,0,0.0,0,0,242,2026-09-30,2026-09-29
2962.T,テクニスコ,スタンダード（内国株式）,0,0.0,0,0,242,2026-09-30,2026-09-29
6395.T,タダノ,プライム（内国株式）,450139420,2.686,1,0,242,2026-09-30,2026-09-29
4434.T,サーバーワークス,スタンダード（内国株式）,0,0.0,0,0,242,2026-09-30,2026-09-29
469A.T,フィットクルー,グロース（内国株式）,0,0.0,0,0,192,2026-09-30,2026-09-29
6577.T,ベストワンドットコム,グロース（内国株式）,0,0.0,0,0,242,2026-09-30,2026-09-29
504A.T,イノバセル,グロース（内国株式）,0,0.0,0,0,146,2026-09-30,2026-09-29
4167.T,ココペリ,グロース（内国株式）,0,0.0,0,0,242,2026-09-30,2026-09-29
3159.T,丸善ＣＨＩホールディングス,スタンダード（内国株式）,0,0.0,0,0,242,2026-09-30,2026-09-29
7674.T,ＮＡＴＴＹ　ＳＷＡＮＫＹホールディングス,グロース（内国株式）,0,0.0,0,0,242,2026-09-30,2026-09-29
1914.T,日本基礎技術,スタンダード（内国株式）,0,0.0,0,0,242,2026-09-30,2026-09-29
3632.T,グリーホールディングス,プライム（内国株式）,0,0.0,0,0,242,2026-09-30,2026-09-29
7875.T,竹田ｉＰホールディングス,スタンダード（内国株式）,0,0.0,0,0,242,2026-09-30,2026-09-29
3694.T,オプティム,プライム（内国株式）,0,0.0,0,0,242,2026-09-30,2026-09-29
6279.T,瑞光,プライム（内国株式）,0,0.0,0,0,242,2026-09-30,2026-09-29
3968.T,セグエグループ,プライム（内国株式）,0,0.0,0,0,242,2026-09-30,2026-09-29
6393.T,油研工業,スタンダード（内国株式）,0,0.0,0,0,242,2026-09-30,2026-09-29
8219.T,青山商事,プライム（内国株式）,0,0.0,0,0,242,2026-09-30,2026-09-29
7793.T,イメージ・マジック,グロース（内国株式）,0,0.0,0,0,242,2026-09-30,2026-09-29
7320.T,Ｓｏｌｖｖｙ,グロース（内国株式）,0,0.0,0,0,242,2026-09-30,2026-09-29
4151.T,協和キリン,プライム（内国株式）,4568874772,2.147,2,0,242,2026-09-30,2026-09-29
6040.T,日本スキー場開発,グロース（内国株式）,0,0.0,0,0,242,2026-09-30,2026-09-29
7537.T,丸文,プライム（内国株式）,0,0.0,0,0,242,2026-09-30,2026-09-29
6644.T,大崎電気工業,プライム（内国株式）,558861620,2.231,1,0,242,2026-09-30,2026-09-29
5310.T,東洋炭素,プライム（内国株式）,0,0.0,0,0,242,2026-09-30,2026-09-29
2693.T,ＹＫＴ,スタンダード（内国株式）,0,0.0,0,0,242,2026-09-30,2026-09-29
4597.T,ソレイジア・ファーマ,グロース（内国株式）,1889431310,5.476,9,0,242,2026-09-30,2026-09-29
4937.T,Ｗａｑｏｏ,グロース（内国株式）,0,0.0,0,0,242,2026-09-30,2026-09-29
3053.T,ペッパーフードサービス,スタンダード（内国株式）,0,0.0,0,0,242,2026-09-30,2026-09-29
